,acc,pre,rec,f1,confmat
0,0.7979166666666667,0.733917513620132,0.7094244050111782,0.7083931593448579,"[[393  15   2  20]
 [ 14 406  12   9]
 [ 58  39  38  31]
 [ 32  32  27 312]]"
