,acc,pre,rec,f1,confmat
0,0.7979166666666667,0.7790158723170211,0.7979166666666667,0.7808169588622693,"[[393  15   2  20]
 [ 14 406  12   9]
 [ 58  39  38  31]
 [ 32  32  27 312]]"
