,acc,pre,rec,f1,confmat
0,0.7868055555555555,0.7807844608647349,0.7868055555555555,0.7822342180427784,"[[316  65  24  25]
 [ 46 360  22  13]
 [ 33  19  80  34]
 [ 10   6  10 377]]"
