,acc,pre,rec,f1,confmat
0,0.7868055555555555,0.7520314650647852,0.7421554583383982,0.7449362214876565,"[[316  65  24  25]
 [ 46 360  22  13]
 [ 33  19  80  34]
 [ 10   6  10 377]]"
