,acc,pre,rec,f1,confmat
0,0.7673611111111112,0.7486049177799546,0.7673611111111112,0.748094583522125,"[[403  14   1  12]
 [ 32 382  16  11]
 [ 87  33  24  22]
 [ 47  24  36 296]]"
