,acc,pre,rec,f1,confmat
0,0.7673611111111112,0.6828126789800182,0.670623020660627,0.6636556813723589,"[[403  14   1  12]
 [ 32 382  16  11]
 [ 87  33  24  22]
 [ 47  24  36 296]]"
