,acc,pre,rec,f1,confmat
0,0.6833333333333333,0.660761028446839,0.6833333333333333,0.6516082211373613,"[[241  54  14 121]
 [  5 409   5  22]
 [ 22  76   9  59]
 [ 21  38  19 325]]"
