,acc,pre,rec,f1,confmat
0,0.6833333333333333,0.5877341275036964,0.5871428095938828,0.5643359101925167,"[[241  54  14 121]
 [  5 409   5  22]
 [ 22  76   9  59]
 [ 21  38  19 325]]"
