,acc,pre,rec,f1,confmat
0,0.26180555555555557,0.33856431003801624,0.2805758898366065,0.2717292244584818,"[[136  27 133  96]
 [ 92  71 184  46]
 [ 35  24  63  25]
 [ 79  37 147 107]]"
