,acc,pre,rec,f1,confmat
0,0.26180555555555557,0.37856874655171485,0.26180555555555557,0.2871131162759532,"[[136  27 133  96  38]
 [ 92  71 184  46  48]
 [ 35  24  63  25  19]
 [ 79  37 147 107  33]
 [  0   0   0   0   0]]"
