,acc,pre,rec,f1,confmat
0,0.5708333333333333,0.4391881877580315,0.47848978859052804,0.44550257423985234,"[[254  77   0  93]
 [ 21 403   1  10]
 [ 32 105   0  24]
 [100 125   1 165]]"
