,acc,pre,rec,f1,confmat
0,0.5708333333333333,0.5183267330559561,0.5708333333333333,0.5285744103331702,"[[254  77   0  93   6]
 [ 21 403   1  10   6]
 [ 32 105   0  24   5]
 [100 125   1 165  12]
 [  0   0   0   0   0]]"
