,acc,pre,rec,f1,confmat
0,0.2569444444444444,0.32897345807999456,0.27345103296024115,0.26654423608493893,"[[140  44 121  88]
 [ 92  87 171  46]
 [ 38  18  61  31]
 [ 81  37 167  82]]"
