,acc,pre,rec,f1,confmat
0,0.2569444444444444,0.3687824414344764,0.2569444444444444,0.2831569254409378,"[[140  44 121  88  37]
 [ 92  87 171  46  45]
 [ 38  18  61  31  18]
 [ 81  37 167  82  36]
 [  0   0   0   0   0]]"
